Guess,North
Blow,Sage
GuessBlow,NorthSage
_GuessBlow,_NorthSage
text,Fail
cash,Term
Icon,Post
cashIcon,TermPost
gold,Name
goldIcon,NamePost
Undo,Cube
UndoIcon,CubePost
Shuffle,Success
ShuffleIcon,SuccessPost
Wand,Fare
WandIcon,FarePost
CHANNEL,CHANNEL
ID,ID
CHANNEL_ID,CHANNEL_ID
Yet,Tip
Luxury,Flyway
YetLuxury,TipFlyway
url,Rat
Scheme,Attest
urlScheme,RatAttest
Thaw,Load
Maiden,Biotic
ThawMaiden,LoadBiotic
Reign,Blast
Era,Joy
After,Ounce
Follower,Flagpole
AfterFollower,OunceFlagpole
Ideal,Untie
Bleak,Grant
Neck,Weed
IdealBleakNeck,UntieGrantWeed
Linear,Lesson
IdealLinearBleakNeck,UntieLessonGrantWeed
Poison,Stress
AfterPoison,OunceStress
Wipe,Site
Pole,Pave
Society,Consist
Tract,Solar
PoleSocietyTract,PaveConsistSolar
Forget,Ravine
Venice,Lovely
ForgetVenice,RavineLovely
Pearl,Cloud
PearlVenice,CloudLovely
ThawEra,LoadJoy
Dy,By
Stove,Organ
StoveThawEra,OrganLoadJoy
Sew,Sea
SewThawEra,SeaLoadJoy
Pass,Tern
ThawEraPass,LoadJoyTern
Lop,Tar
BleakLop,GrantTar
BleakMaidenLop,GrantBioticTar
Lid,Sod
LidThawLop,SodLoadTar
Potato,Ignite
ThawPotato,LoadIgnite
Fire,Life
ThawFire,LoadLife
Upwind,Divine
UpwindThawFire,DivineLoadLife
Lie,Ton
LieThawFire,TonLoadLife
Eat,Bay
EatBleak,BayGrant
Kill,Ploy
Drip,Boat
DripFire,BoatLife
Recede,Harbor
Trade,Color
Humor,Maser
TradeHumor,ColorMaser
ForgetPass,RavineTern
Of,Me
OfForget,MeRavine
ForgetHumor,RavineMaser
Adequacy,Luncheon
Borrow,Button
AdequacyBorrow,LuncheonButton
Mexican,Eagerly
Feat,Wold
MexicanFeat,EagerlyWold
Telescope,Outrigger
OfEatBleakTelescope,MeBayGrantOutrigger
Sord,Holm
UpwindSord,DivineHolm
Assert,Resume
UpwindAssert,DivineResume
Obtain,Baltic
Shake,Thing
ObtainShakeV,BalticThingV
ObtainShakeV3,BalticThingV3
Is,Of
Fail,Bold
IsFail,OfBold
Combo,Angry
Award,Loder
ComboAward,AngryLoder
Data,Cage
ComboAwardData,AngryLoderCage
Challenge,Character
Group,Spite
ChallengeGroup,CharacterSpite
Layer,Place
Index,Never
LayerIndex,PlaceNever
Tile,Will
List,Salt
ChallengeTileList,CharacterWillSalt
Apple,Apace
Sprite,Locate
IsAppleSprite,OfApaceLocate
IsAppleIcon,OfApacePost
Fresco,Knight
FrescoHumor,KnightMaser
Ditch,Crush
DitchHumor,CrushMaser
Scholar,Abreast
Diffuses,Evenness
ScholarDiffuses,AbreastEvenness
June,Mute
JuneNeck,MuteWeed
Value,Grass
Alarm,Above
ValueAlarm,GrassAbove
Holy,Cone
ValueHoly,GrassCone
Harden,Differ
Mature,Access
HardenMature,DifferAccess
TelescopeBleak,OutriggerGrant
challenge,Tributary
Level,Bread
challengeLevel,TributaryBread
Firstsecond,Sensitively
FirstsecondLevel,SensitivelyBread
Nose,Fork
Hard,Next
NoseHard,ForkNext
Rim,Lug
Marlin,Thirty
Rim_Marlin,Lug_Thirty
Booklet,Saguaro
Both,Nose
BookletBoth,SaguaroNose
Road,Raft
Elliot,Cattle
RoadElliot,RaftCattle
weight,Resale
Fad,Sad
_Fad,_Sad
AC,AC
Construction,Respectively
Cellular,Investor
ConstructionCellular,RespectivelyInvestor
Linger,Action
Degas,Honey
LingerDegas,ActionHoney
Restful,Blacken
Stamp,Frown
StampXDiffuses,FrownXEvenness
Hot,Tow
HotXDiffuses,TowXEvenness
Fierce,Breath
Black,Fatty
FierceBlack,BreathFatty
Philosophical,Geometrically
Queue,Broad
PhilosophicalQueue,GeometricallyBroad
Pulp,Stir
Lapis,Depot
PulpLapisDiffuses,StirDepotEvenness
Change,Thread
Gild,Lace
ChangeGildPotato,ThreadLaceIgnite
Flask,Rider
Oneness,Rampant
FlaskGildOnenessFire,RiderLaceRampantLife
Stem,Sift
Outnumber,Migratory
StemHolyOutnumber,SiftConeMigratory
Grecian,Trivial
Diversify,Arthritis
GrecianDiversify,TrivialArthritis
is,At
Triumph,Sharper
Remnant,Cellist
isTriumphRemnant,AtSharperCellist
Vanish,Cousin
Autumn,Flower
Mission,Flaming
AutumnMission,FlowerFlaming
Temple,Margin
FlaskTempleMission,RiderMarginFlaming
Ignite,Fuller
Trader,Effect
Gallop,Cosmos
DyMatureGallop,ByAccessCosmos
Transition,Horizontal
AutumnTransition,FlowerHorizontal
FlaskTempleTransition,RiderMarginHorizontal
Fluid,Tenon
FluidFire,TenonLife
Worthwhile,Dependable
FluidWorthwhile,TenonDependable
Circuit,Glisten
Bounce,Travel
Adrift,Crunch
CircuitBounceAdrift,GlistenTravelCrunch
Infusion,Hispanic
Set,Inn
Midway,Govern
Me,So
Residency,Glandular
SetMidwayMeResidency,InnGovernSoGlandular
Pedagogy,Allusion
Maple,Whole
MapleDiffuses,WholeEvenness
Brand,Final
BrandDiffuses,FinalEvenness
Snout,Quina
MapleSnoutDiffuses,WholeQuinaEvenness
Movie,Bunch
Disprove,Citation
MovieDisprove,BunchCitation
Chomp,Worth
MapleChompDisprove,WholeWorthCitation
BrandChompDisprove,FinalWorthCitation
MapleSnoutChompDisprove,WholeQuinaWorthCitation
Monument,Occasion
MapleDisprove,WholeCitation
BrandDisprove,FinalCitation
MapleSnoutDisprove,WholeQuinaCitation
Adept,Legal
BrandAdept,FinalLegal
MapleSnoutAdept,WholeQuinaLegal
Fitting,Almanac
Exhibit,Everest
MapleExhibit,WholeEverest
Info,Bomb
Text,Golf
InfoText,BombGolf
Quit,Mold
Btn,Cap
QuitBtn,MoldCap
Dream,Peart
Cyan,Flax
DreamCyan,PeartFlax
Wing,Bulb
Sonic,Maple
Loam,Ride
Fragile,Eyeball
Exponent,Recreate
Hurl,Item
Mob,You
ThawBG,LoadBG
Sparse,Usable
Fence,Drain
SparseFence,UsableDrain
SparseNeck,UsableWeed
_SparseNeck,_UsableWeed
Merge,Right
Pool,Wire
Resume,Awaken
Pool1Resume,Wire1Awaken
Pool2Resume,Wire2Awaken
Canopy,Sister
ElliotCanopy,CattleSister
WingCyan,BulbFlax
SonicCyan,MapleFlax
Per,Can
Husband,Untwist
We,If
Hat,The
PerHusbandWeHat,CanUntwistIfThe
Thai,Silt
SonicThai,MapleSilt
EraLop,JoyTar
Number,Mandan
ChallengeAwardNumber,CharacterLoderMandan
Spark,Krill
Coin,Beef
CoinNumber,BeefMandan
Enterprising,Legitimately
Equip,Sloth
Homeland,Cetacean
EquipHomeland,SlothCetacean
Loyalty,Melange
LoyaltyHomeland,MelangeCetacean
Amenity,Generic
AmenityHomeland,GenericCetacean
Hillbilly,Merciless
HillbillyHomeland,MercilessCetacean
WingThai,BulbSilt
Way,Flu
SewWay,SeaFlu
Setting,January
Use,Shy
Remind,Ascent
IsUseRemind,OfShyAscent
Bed,Jar
Queen,Pivot
Mine,Vine
BedQueenMine,JarPivotVine
Moody,Pinon
MoodyQueenMine,PinonPivotVine
MoodyQueen,PinonPivot
BedQueen,JarPivot
Stencil,Provide
Bell,Play
BellCanopy,PlaySister
Plane,Stash
PlaneLayer,StashPlace
Rift,Shoe
RiftVenice,ShoeLovely
BedMineFire,JarVineLife
Blue,Free
DyBlue,ByFree
Guinea,Banana
Spillage,Stamford
Step,Near
SpillageStep,StamfordNear
Social,Israel
Retire,Reveal
SocialRetire,IsraelReveal
Broad,Glean
FireBroad,LifeGlean
Back,Kill
Ground,Galaxy
BackGround,KillGalaxy
Slot,Hunt
SlotBackGround,HuntKillGalaxy
SlotAD,HuntAD
BG,BG
SlotBG,HuntBG
QI,QI
AD,AD
StoveHat,OrganThe
Usually,Quickly
UsuallyHat,QuicklyThe
BleakCyan,GrantFlax
EatWingBorrow,BayBulbButton
Left,Haul
Top,Gin
LeftTopCoin,HaulGinBeef
SparkHat,KrillThe
DripCyan,BoatFlax
MobWing,YouBulb
BothThai,NoseSilt
BothResume,NoseAwaken
BothBorrow,NoseButton
BothCyan,NoseFlax
Buy,Yam
BuyBorrow,YamButton
Warmer,Fodder
EatWarmer,BayFodder
Staff,Atlas
Job,Lug
StaffJob,AtlasJob
Button,Fecund
Mask,Soda
ButtonMask,FecundSoda
IdealLop,UntieTar
Proboscis,Intensive
Claw,Call
ProboscisClaw,IntensiveCall
Wangzhuan,Forefront
Obj,Dig
WangzhuanObj,ForefrontDig
Fervor,Behalf
FervorBleak,BehalfGrant
DreamTract,PeartSolar
TelescopeSocial,OutriggerIsrael
Award1,Loder1
Award2,Loder2
Award3,Loder3
Dream1,Peart1
Dream2,Peart2
Dream3,Peart3
TelescopeRetire,OutriggerReveal
Indoor,Sulfur
Girl,Dark
Actor,Peace
GirlActor,DarkPeace
Hay,Art
HayFence,ArtDrain
Fur,Bag
FurFence,BagDrain
ForgetHat,RavineThe
BookletHat,SaguaroThe
Belt,Cost
Dare,Fail
BeltDareHat,CostDareThe
Wax,Ice
BeltDareLidWax,CostFailSodIce
BeltDareBorrowWax,CostFailButtonIce
BeltDareStep,CostFailNear
BookletLidWax,SaguaroSodIce
BookletBorrowWax,SaguaroButtonIce
BookletStep,SaguaroNear
ForgetLidWax,RavineSodIce
ForgetBorrowWax,RavineButtonIce
ForgetStep,RavineNear
BookletBorrow,SaguaroButton
ForgetBorrow,RavineButton
BeltDareBorrow,CostFailButton
OfLieForget,MeTonRavine
TelescopeForgetBorrow,OutriggerRavineButton
TelescopeBeltBorrow,OutriggerCostButton
TelescopeBookletBorrow,OutriggerSaguaroButton
Scale,Split
WangzhuanScale,ForefrontSplit
Roll,Fort
UseRollBack,ShyFortKill
UseRemind,ShyAscent
Refresh,Iridium
UseRefresh,ShyIridium
BorrowPass,ButtonTern
Kinfolk,Prosper
KinfolkBG,ProsperBG
Charm,Canal
Stuff,Arena
Tusk,Tuck
Clue,Flat
Cheapen,Senator
Give,Bust
Floor,Piano
FloorLop,PianoTar
Try,Map
TryBtn,MapCap
Tell,Risk
TellPass,RiskTern
Like,Glue
LikeHat,GlueThe
Custodial,Certainty
CustodialPass,CertaintyTern
Pay,Owe
Grasp,Polar
PayGrasp,OwePolar
TelescopeBorrow,OutriggerButton
TelescopeBroad,OutriggerGlean
DreamSocial,PeartIsrael
Diffuse,Hectare
DiffuseHat,HectareThe
DiffuseHat1,HectareThe1
DiffusePassCyan,HectareTernFlax
DreamThai,PeartSilt
enter,Sense
enter1,Sense1
Division,Minstrel
DyDivisionTell,ByMinstrelRisk
FLAGS,FLAGS
INSTANCE,INSTANCE
PRIVATE,PRIVATE
FLAGS_INSTANCE_PRIVATE,FLAGS_INSTANCE_PRIVATE
PUBLIC,PUBLIC
FLAGS_INSTANCE_PUBLIC,FLAGS_INSTANCE_PUBLIC
STATIC,STATIC
FLAGS_STATIC_PRIVATE,FLAGS_STATIC_PRIVATE
FLAGS_STATIC_PUBLIC,FLAGS_STATIC_PUBLIC
BlueLayer,FreePlace
Jurassic,Daughter
Crimp,Olive
JurassicCrimpBounce,DaughterOliveTravel
Cult,Note
April,Bowel
CultApril,NoteBowel
Tendency,Ballroom
Instance,Chivalry
StoveRoad,OrganRaft
Unbiased,Permeate
UnbiasedRoad,PermeateRaft
ElliotRoad,CattleRaft
Term,Yolk
TermRoad,YolkRaft
Sail,Talk
SailValueHoly,TalkGrassCone
Rob,Rag
RobValueHoly,RagGrassCone
Rarer,Smoke
Handle,Copper
OfRarerValueHandle,MeSmokeGrassCopper
Relief,Empire
Stilt,Glean
ReliefStilt,EmpireStilt
TelescopeStilt,OutriggerGlean
OfTelescope,MeOutrigger
Radish,Extent
OfRadishTelescope,MeExtentOutrigger
OfPearl,MeCloud
OfStuff,MeArena
OfCharm,MeCanal
OfIdeal,MeUntie
OfTelescopeBookletTerm,MeOutriggerSaguaroYolk
ChallengeFailNumber,CharacterBoldMandan
Revive,Slowly
Bend,Spur
Glance,Poetic
GlanceGildPotato,PoeticLaceIgnite
CrimpGildOnenessAdrift,OliveLaceRampantCrunch
Mule,Jury
MuleHolyOutnumber,JuryConeMigratory
MissionDiversify,FlamingArthritis
Overlie,Explore
OverlieMissionAdrift,ExploreFlamingCrunch
Genuinely,Complaint
MissionDiversifyGenuinely,FlamingArthritisComplaint
Currency,Quantify
LieMidwayMeResidency,TonGovernSoGlandular
Butte,Watch
ButteDiffuses,WatchEvenness
SnoutDiffuses,QuinaEvenness
ButteSnoutDiffuses,WatchQuinaEvenness
ChompDisprove,WorthCitation
ButteChompDisprove,WatchWorthCitation
SnoutChompDisprove,QuinaWorthCitation
ButteSnoutChompDisprove,WatchQuinaWorthCitation
ButteDisprove,WatchCitation
SnoutDisprove,QuinaCitation
ButteSnoutDisprove,WatchQuinaCitation
SnoutAdept,QuinaLegal
ButteSnoutAdept,WatchQuinaLegal
ButteExhibit,WatchEverest
Severely,Pastoral
LidSeverely,SodPastoral
ObtainSeverely,BalticPastoral
Caucasian,Untouched
Cliff,Hobby
Wad,Jay
Ordinance,Architect
CliffWadOrdinance,HobbyJayArchitect
Regiment,Mackerel
RegimentRarer,MackerelSmoke
Thoughtful,Housewares
ThoughtfulRarer,HousewaresSmoke
Attention,Exhibitor
Basalt,Crease
OfAttentionBasalt,MeExhibitorCrease
Arise,Count
MobSeverelyArise,YouPastoralCount
UseSeverely,ShyPastoral
init,Flaw
initIcon,FlawPost
Polygon,Hohokam
Malleability,Mysteriously
Republican,Monogamous
PolygonMalleabilityRepublican,HohokamMysteriouslyMonogamous
Abundantly,Meaningful
Unpredictably,Uninhabitable
AbundantlyUnpredictably,MeaningfulUninhabitable
CliffMalleability,HobbyMysteriously
Foster,Family
Loyally,Neptune
FosterMalleabilityLoyally,FamilyMysteriouslyNeptune
Home,Coin
Presently,Violinist
HomePresentlyMalleability,CoinViolinistMysteriously
Alienate,Untapped
AlienateMalleability,UntappedMysteriously
Request,Impetus
Notification,Pigmentation
Permission,Flamboyant
RequestNotificationPermission,ImpetusPigmentationFlamboyant
Initialize,Regulation
Notifications,Autobiography
InitializeNotifications,RegulationAutobiography
Clear,Panel
ClearNotification,PanelPigmentation
Create,Inject
Channel,Pioneer
CreateNotificationChannel,InjectPigmentationPioneer
Send,Rosy
Immediate,Scavenger
SendImmediateNotification,RosyScavengerPigmentation
Schedule,Identity
ScheduleNotification,IdentityPigmentation
Vote,Peru
VoteBlue,PeruFree
Beam,Skin
BeamBleak,SkinGrant
Aim,Gap
AimIdeal,GapUntie
BeamIdealBleak,SkinUntieGrant
LapisMission,DepotFlaming
MobDrip,YouBoat
Impair,Oliver
OfDripImpair,MeBoatOliver
Elevate,Burgess
Stomach,Biology
ElevateStomachHumor,BurgessBiologyMaser
Acquisition,Publication
AcquisitionMature,PublicationAccess
LapisDrip,DepotBoat
LidThaw,SodLoad
BookletDrip,SaguaroBoat
Waterfall,Ingenuity
BookletWaterfall,SaguaroIngenuity
BeltDareRDrip,CostFailRBoat
UpwindThaw,DivineLoad
Deepen,Basket
UpwindDeepen,DivineBasket
ForgetDrip,RavineBoat
Client,Typify
PearlClient,CloudTypify
PearlForget,CloudRavine
MobMidwayHumor,YouGovernMaser
Onclick,Patriot
MobOnclickHumor,YouPatriotMaser
Up,My
MobHumorUpHard,YouMaserMyNext
MobMidwayThaw,YouGovernLoad
Un,We
UnBeamBleak,WeSkinGrant
Edible,Impose
EdibleScholar,ImposeAbreast
Triangle,Splinter
EdibleTriangle,ImposeSplinter
Self,Emit
SelfSew,EmitSea
screenpoint,Nonetheless
To,It
Point,Hurry
screenpointToUIPoint,NonethelessItUIHurry
Demise,French
ElliotDemise,CattleFrench
Trigger,Glisten
Volun,Quest
IsTriggerVolun,OfTriggerQuest
Acidic,Inland
MobAcidicHumor,YouInlandMaser
DripFosterWaterfall,BoatFamilyIngenuity
Drench,Latter
Salmon,Heroic
DrenchSalmon,LatterHeroic
ObtainBounce,BalticTravel
Undisturbed,Adolescence
OfDripUndisturbed,MeBoatAdolescence
Doll,Dime
MobLieDoll,YouTonDime
BlueRoadNeck,FreeRaftWeed
get,Roe
Wild,Vase
getWild,RoeVase
add,Mud
addWild,MudVase
Agree,Leafy
FadAgree,SadLeafy
HayAgree,ArtLeafy
Your,Kiln
MobYour,YouKiln
LidYour,SodKiln
Darken,Vision
FadDarken,SadVision
HayDarken,ArtVision
ChallengeFail,CharacterBold
UsuallyStuff,QuicklyArena
UsuallyCharm,QuicklyCanal
Sect,Rock
UsuallySectCharm,QuicklyRockCanal
Thrust,Plague
Unpublished,Pomegranate
ThrustUnpublished,PlaguePomegranate
Ox,Me
Window,Venice
OxPassWindow,OxTernVenice
Crossbones,Preferable
StoveCrossbones,OrganPreferable
Get,Act
GetChallengeLevel,ActCharacterBread
Daily,Forth
Humility,Dutchman
Ibex,Flop
DODailyHumilityIbex,DOForthDutchmanFlop
Lace,Maya
LikeLace,GlueMaya
SectLace,RockMaya
LidBasalt,SodCrease
DrenchMidwayBlack,LatterGovernFatty
PayLapisAimStep,OweDepotGapNear
LapisAimStep,DepotGapNear
Tavernkeeper,Satisfaction
LidTavernkeeper,SodSatisfaction
Companionship,Carboniferous
CliffWadCompanionship,HobbyJayCarboniferous
Ax,By
AbundantlyAxGlanceHardGild,MeaningfulAxPoeticNextLace
AbundantlyAxCrimpHardGild,MeaningfulByOliveNextLace
Classic,Shutter
BlueClassicGlanceBounce,FreeShutterPoeticTravel
BlueClassicCrimpBounce,FreeShutterOliveTravel
MobTempleBounce,YouMarginTravel
MobResidencyTempleBounce,YouGlandularMarginTravel
MobTempleBounceGlanceHard,YouMarginTravelPoeticNext
MobTempleBounceCrimpHard,YouMarginTravelOliveNext
Realm,Stern
RealmTempleBounce,SternMarginTravel
LidBounceOxGildGlanceHard,SodTravelMeLacePoeticNext
FosterGildMission,FamilyLaceFlaming
LidBounceOxGildCrimpHard,SodTravelMeLaceOliveNext
Quiet,Punch
Doubtful,Strategy
QuietDoubtful,PunchStrategy
Recoil,Mirror
Curriculum,Bitterness
RecoilOxGildCurriculum,MirrorMeLaceBitterness
MobCrimpTempleBounceUpAlarm,YouOliveMarginTravelMyAbove
CrimpGildPotatoUpAlarm,OliveLaceIgniteMyAbove
Theater,Masonry
AcquisitionTheater,PublicationMasonry
Suitable,Salinity
OfWadOnenessSuitable,MeJayRampantSalinity
Candid,Twenty
Spew,Vase
Cute,Sale
Go,On
CandidWadSpewCuteGoOverlieMission,TwentyJaySpewSaleOnExploreFlaming
For,Hat
Erie,Flax
ForErie,HatErie
Digestive,Womanhood
MobTempleDigestive,YouMarginWomanhood
MobTempleTransition,YouMarginHorizontal
MobTempleDigestiveGlanceHard,YouMarginWomanhoodPoeticNext
MobTempleTransitionGlanceHard,YouMarginHorizontalPoeticNext
MobTempleDigestiveCrimpHard,YouMarginWomanhoodOliveNext
Fin,Now
FinBend,NowSpur
FinHard,NowNext
FinGlancePotato,NowPoeticIgnite
FinCrimpOnenessFire,NowOliveRampantLife
FinHoly,NowCone
FinMuleHolyOutnumber,NowJuryConeMigratory
FinMissionDiversify,NowFlamingArthritis
Predispose,Subglacial
BluePredispose,FreeSubglacial
LapisBounce,DepotTravel
MobGildUpBend,YouLaceMySpur
LidGild,SodLace
Bushman,Shudder
BushmanGild,ShudderLace
GildImpair,LaceOliver
ObtainWadSpewMission,BalticJayVaseFlaming
At,Me
OfWadOnenessSuitableAtGild,MeJayRampantSalinityAtLace
AcquisitionTheaterIDGild,PublicationMasonryIDLace
FinCurrency,NowQuantify
FinDiffuses,NowEvenness
FinSnoutDiffuses,NowQuinaEvenness
FinChompDisprove,NowWorthCitation
FinSnoutChompDisprove,NowQuinaWorthCitation
FinDisprove,NowCitation
FinSnoutDisprove,NowQuinaCitation
FinSnoutAdept,NowQuinaLegal
FinExhibit,NowEverest
Show,Goal
ShowInfo,GoalBomb
Ratify,Cinema
RatifyHurl,CinemaItem
Click,Brant
ClickGet,BrantAct
RatifyMob,CinemaYou
FadThawCrimpAlarm,SadLoadOliveAbove
Grow,Play
GrowThaw,GrowLoad
Milky,Mouse
MilkyStove,MouseOrgan
Close,Yeast
Loder,Needy
CloseLoder,YeastNeedy
Add,Run
Virta,Sweep
AddVirta,RunSweep
GetClose,ActYeast
RatifySpark,CinemaKrill
RatifyElliot,CinemaCattle
Gulf,Time
DyAimGulf,ByGapTime
AdequacyJob,LuncheonLug
RatifyUsually,CinemaQuickly
Oat,Aim
OatWing,AimBulb
Oral,Pine
OralQueen,PinePivot
StencilWaterfall,ProvideIngenuity
Rag,Toe
GrowRagWaterfall,PlayToeIngenuity
Rye,Add
RyeMobMarlinLoder,AddYouThirtyNeedy
RatifyMobWing,CinemaYouBulb
They,Dome
TheyRift,DomeShoe
SparkProboscisClaw,KrillIntensiveCall
RatifyForget,CinemaRavine
Action,Oregon
ActionRemind,OregonAscent
RatifyBooklet,CinemaSaguaro
RatifyBeltDare,CinemaCostFail
Blade,Local
BothBlade,NoseLocal
IsButtonMask,OfFecundSoda
ToTusk,ItTuck
Again,Atlas
ChangeTryAgain,ThreadMapAgain
RatifyMovie,CinemaBunch
RatifyKinfolk,CinemaProsper
RatifyCharm,CinemaCanal
RatifyStuff,CinemaArena
RatifyClue,CinemaFlat
RatifyCheapen,CinemaSenator
RatifyGive,CinemaBust
RatifyLike,CinemaGlue
RatifyPayGrasp,CinemaOwePolar
Otherwise,Deterrent
Champagne,Avoidable
OtherwiseChampagnePass,DeterrentAvoidableTern
Panic,Still
Meander,Unaided
PanicMeanderBooklet,StillUnaidedSaguaro
Wick,Tape
During,Patron
WickDuringPass,TapePatronTern
Cord,Afar
MobCordDuringPass,YouAfarPatronTern
Viscera,Cenotes
TelescopeViscera,OutriggerCenotes
BeamTelescopeBleak,SkinOutriggerGrant
Rotation,Aromatic
LikeRotationSpark,GlueAromaticKrill
Province,Tertiary
Ephemeral,Animation
ProvinceEphemeral,TertiaryAnimation
Fleet,Alive
ProvinceFleet,TertiaryAlive
Worthiness,Primordial
Stride,Versus
WorthinessStride,PrimordialVersus
Monkey,Rather
MonkeyTendencyDigestive,RatherBallroomWomanhood
Meager,Hinder
MonkeyMeagerDigestive,RatherHinderWomanhood
MobTendencyDigestive,YouBallroomWomanhood
MobMeagerDigestive,YouHinderWomanhood
OralCrimp,PineOlive
Food,Fray
Blaze,Bulge
MobBlazeUpBend,YouBulgeMySpur
White,Proof
FinWhite,NowProof
Thrift,Pencil
Preeminent,Postmaster
ThriftPreeminent,PencilPostmaster
Fibrous,Firearm
ThriftFibrous,PencilFirearm
Squeeze,Episode
Tenuous,Nonself
SqueezeTenuous,EpisodeNonself
Big,Zoo
Wheel,Pedal
Item,Foot
BigWheelItem,ZooPedalFoot
Small,Still
SmallWheelItem,SmallPedalFoot
MalleabilityTenuous,MysteriouslyNonself
Manager,Chronic
NotificationManager,PigmentationChronic
BleakTenuous,GrantNonself
Dram,Gram
DramTenuous,GramNonself
Brother,Meeting
RoadBrother,RaftMeeting
Spawn,Kenya
TileSpawnData,WillKenyaCage
RoadNeckTenuous,RaftWeedNonself
RoadTenuous,RaftNonself
Reward,Affirm
Panel,Sixth
RewardPanelData,AffirmSixthCage
Message,Agility
Code,Oval
MessageCode,AgilityOval
RewardData,AffirmCage
Turn,Pass
TileTurnData,WillPassCage
Tasmania,Pamphlet
RotationTasmania,AromaticPamphlet
Pierce,Dorsal
TavernkeeperPierce,SatisfactionDorsal
GildClassic,LaceShutter
GildTenuous,LaceNonself
Mainland,Sunlight
TempleBounceMainland,MarginTravelSunlight
Block,Ideal
BlockPanel,IdealSixth
Cargo,Favor
Skip,Blur
CargoSkipLoder,FavorBlurNeedy
No,No
ClueNoLoder,FlatNoNeedy
ElliotLoder,CattleNeedy
FailPanel,BoldSixth
Game,Whip
GamePanel,WhipSixth
Newly,Ocean
GirlNewlyLoder,DarkOceanNeedy
Harmony,Package
HarmonyLoder,PackageNeedy
HomePanel,CoinSixth
LidBothLoder,SodNoseNeedy
RoadLoder,RaftNeedy
SettingPanel,JanuarySixth
Orbit,River
TelescopeOrbitLoder,OutriggerRiverNeedy
Sun,Top
TelescopeSunLoder,OutriggerTopNeedy
TelescopeTerm,OutriggerYolk
TermLoder,YolkNeedy
TuskLoder,TuckNeedy
UsuallyLoder,QuicklyNeedy
Win,Pen
WinPanel,PenSixth
Wispy,Style
WispyLikeLoder,StyleGlueNeedy
Behalf,Secure
Disruption,Insulation
Nylon,Wreck
DisruptionNylon,InsulationWreck
ThawLayer,LoadPlace
Squash,Onward
TriumphSquashNylon,SharperOnwardWreck

